month,revenue,cogs,website_visitors,orders,customers_open,customers_retained,revenue_growth,gross_margin,conversion_rate,retention_rate,average_order_value,contribution_margin
2026-01-01,82000.0,34440.0,41000,820,5600,4380,,0.58,0.02,0.7821428571428571,100.0,0.58
2026-02-01,84500.0,35490.0,42500,850,5700,4460,0.03048780487804878,0.58,0.02,0.7824561403508772,99.41176470588235,0.58
2026-03-01,87000.0,36105.0,43800,900,5800,4540,0.029585798816568046,0.585,0.02054794520547945,0.7827586206896552,96.66666666666667,0.585
2026-04-01,91000.0,37310.0,45200,950,5920,4660,0.04597701149425287,0.59,0.02101769911504425,0.7871621621621622,95.78947368421052,0.59
2026-05-01,93500.0,38335.0,46800,1000,6030,4750,0.027472527472527472,0.59,0.021367521367521368,0.7877280265339967,93.5,0.59
2026-06-01,97000.0,39285.0,49000,1060,6150,4860,0.0374331550802139,0.595,0.02163265306122449,0.7902439024390244,91.50943396226415,0.595
2026-07-01,101000.0,40905.0,51200,1125,6280,4980,0.041237113402061855,0.595,0.02197265625,0.7929936305732485,89.77777777777777,0.595
2026-08-01,104500.0,41800.0,53000,1180,6410,5100,0.034653465346534656,0.6,0.022264150943396226,0.7956318252730109,88.55932203389831,0.6
2026-09-01,108000.0,43200.0,54800,1240,6550,5230,0.03349282296650718,0.6,0.022627737226277374,0.7984732824427481,87.09677419354838,0.6
2026-10-01,112000.0,44240.0,56500,1300,6700,5370,0.037037037037037035,0.605,0.023008849557522124,0.8014925373134328,86.15384615384616,0.605
2026-11-01,116500.0,46017.5,58600,1380,6860,5520,0.04017857142857143,0.605,0.02354948805460751,0.8046647230320699,84.42028985507247,0.605
2026-12-01,121000.0,47190.0,61000,1460,7020,5680,0.03862660944206009,0.61,0.023934426229508195,0.8091168091168092,82.87671232876713,0.61
